context_precision,context_recall,faithfulness,answer_relevancy,model
0.6140697126782789,0.6816666666666666,0.7355451127819549,0.15557199852329212,2stage
