context_precision,context_recall,faithfulness,answer_relevancy,model
0.6649999999773888,0.3883333333333333,0.6625,0.5045049658736207,base
